普尔曼, Pullman
超凡序列, Extraordinary sequence
克兰西亚, Cransia
翠娜莎, Trina
玛娜, mana
艾许莉, 艾许莉
伊瓦尔, Ivar
坎达, Kanda
古菲亚, Gufia
提黛丝, Daytis
翠娜, Cuina
玉章山, Jade Seal Mountain
菲莉, Phili
霍普兰尔, Hopland
维尔加, Verga
切尔西, Chelsea
肯佩湖, Kempe Lake
蕾西, Lacey
亚格蒂林, Agdelin
杰林克, Jelink
瑞琪儿, Rachel
肯佩城, Kempe City
黄叶镇, Yellow Leaf Town
南海群岛, South Sea Archipelago
迪尔, Diel
奥兹国, Oz Empire
铬希金, Chromium Hope Gold
阿涅弥斯, Anemesis
鲁迅, Lu Xun
凯文, Kevin
尼德郡, Ned County
芬尔顿, Fenton
艾德利·提西福涅, Edric Tisiphone
翠鸟之诗, The Song of the Kingfisher
威克, Wick
雪莉, Sherry
卡里忒斯, Carithes
佩尔, Pearl
洛兰希尔, Loranhil
霍斯, Hollis
笆尔娅, Barya
博朗顿, Bolton
提西福, Tisiphone
埃梅纳斯, Emenas
曼达, Manda
兰莉儿, Laniel
芬尔, Fenton
莉格, Lige
诺伊斯, Noel
尤贝雷, Yuberei
白兰, Bailan
巴泽尔, Bazel
丹尼尔, Daniel
普罗荷, Proho
伍德, Wood
朱亚, Zhuya
维托, Vito
泰山, Taishan
梅, Mei
红贝湾, Red Shell Bay
维尔加联盟, Verga Alliance
西福涅, Siphonie
索兰德, Soland
西岚山, Tisilan Mountains
新维尔加联盟, New Vilga Alliance
米拉, Mila
伯里斯, Boris
艾赛亚, Isaiah
托兰, Toran
艾莉雅, Ailya
联盟, Alliance
托科林, Tocorin
盆地, Basin
小洛兰, Little Loran
萝莉, Loli
莱涧河, Laijian River
黑岩公国, Blackrock Duchy
古菲亚联盟, Gufia Alliance
布曼莎, Bumansa
洛兰, Lorraine
菲利兰, Phililan
格雷斯, Grace
莉莉, Lily
西大陆人, Western Continent people
桥墩学院, Pier Academy
卡芙拉, Kafra
明明, Mingming  
洛希儿, Luo Xi'er
艾萝伊, Eloy
布曼莎·埃迪, Bumansa Edie
南柯, Nanke
西岚山脉, Xilan Mountains
萨满, Shaman
黑狼族, Black Wolf Tribe
古菲亚草原, Gufia Grassland
莱顿, Layton
达伦, 达伦 - Darlen
菲丽娅, Filia
爱拉妮, Elani
提西岚山脉, Tixi Mountain Range
叶明月, 叶明月  
冰·圣茵戈尔, Ice·Saint Ingall
伊雪葛琳, Yixue Gelin
南娜, Nanna
薇琳, Velin
玛琪, Maki
米白, 米白
薇琳格, Vilnius
杰克, Jack
星琉, Xingliu
普耳曼, Pulman
芙萝茜娅, Florosia
奥苏娜, Osuna
希瑟, Heather
克缇, 克缇  
夏秋冬, Summer, Autumn, Winter
赛莲, 赛莲
兰姆, Lam
艾芙琳, Evelyn
克缇什, 克缇什
爱德伦, Edlen
雷利, Riley
罗兰, Roland
英格丽, Ingrid
高塔里, Tower Within
凝月露, Lunar Dew Condensation
拉格蒂丝, Lagdith
塞勒涅, Selene
梦郑, Mengzheng
阿加莎, Agatha
赛西娜, Saisena
埃罗尔, Erol
吉恩·涅伦德, Gene Nelond
埃隆·特雷依, Elon Treyi
西大陆, Western Continent
红帆, Red Sail
联合社团, United Club
瑟维斯, Servis
高塔学院, Tower Academy
特里同, Triton
雏月, Chuyue
阿伦, Aaron
新维尔加, New Vilga
夜灵, Yeling
切尔, Chelsea
克兰西, 克兰西
索兰德王, Soland King
红椹宫, Red Mulberry Palace
帕琳莎, Palinsha
风涟宫, Wind Ripple Palace
索尼亚, Sonia
莱登, Layton
黑松河, Black Pine River
阿塔蒂, Attadi
赛格, Seg
兰兹华斯, Landsward
提西岚, Tixilan
蕾西娅, Leixiya
克兰, Cranthia
埃夫特城, Efut City
冷泉村, Coldspring Village
西藏, Tibet
关卡, 关卡
雪特, Xue Te
隆德阁, Longde Pavilion
苏菲, Sophie
莱克, Lake
布丁, Pudding
南极大陆, Antarctic Continent
红枫龙, Red Maple Dragon
伊格莉, Igli
王都, Royal Capital
曹操, Cao Cao
霍兰特, Holant
美伊尔, Meiyier
乌努尔萨满, Unur Shaman
克兰西亚人, Cransian
白焰, White Flame
莫兹瓦, Mozwa
卡伦瑞尔, Kalenruir
华兹华斯, Wordsworth
洛希尔, Losir
梅莲, Meilian
克乌斯, Kewus
爱德华, Edward
伊斯拉斐尔, Israfel
奥狄斯, Odysseus
艾索拉斯, Aesoras
水瓶宫, Aquarius Palace
碧涅丝, Bienice
圣枪骑士团, Holy Spear Knights
海森, Haisen
十二宫, Twelve Palaces
莱安, Lian
圣歌宫, Hymn Palace
夏朗德, Charlant
布伦纳德, Brennard
詹金斯, Jenkins
克兰西亚派, Cranthia Faction
费赫朗, Feihelang
黄楠郡, Huangnan County
艾达, Ada
布鲁, Bru
狮鬃族, Lionmane Tribe
罗杰, Roger
塔内, Tower Interior
青空, Azure Sky
布莱克, Black
荒雷省, Thunderwaste Province
库珀, Cooper
欧尔佳, Orga
黑蒂丝, Hedith
安斯艾尔, Ansel
巴哈姆特, Bahamut
米佳勒, Mikael
爱曼克, Aimank
于百仇, Yu Baichou
数洲, Shuzhou  
朱莉斯, Julius
东西大陆, Eastern Continent
雷泽, Leize
玄衣宫, Xuan Yi Palace
唐南莲, Tang Nanlian
艾忒茜, Aethesia
艾琳, Aileen
黄海, Yellow Sea
七洲, Seven Continents
禄洲, Luzhou
堇华, Jinhua
苏叶, Su Ye
倘诺, Tangnuo
建木青凰决, Jianmu Qinghuang Jue
素沁, Su Qin
回禄洲, Huilu Continent
九荒山, Jiu Huang Mountain
郁灵雨, Yu Lingyu
霞栌宫, Xialu Palace
葛罗婆婆, Granny Gero
青菱, Qingling
李阴臣, Li Yinchen
阎罗山, Mount Yama
玉剑, Jade Sword
暮山洲, Mushan Continent
卜巡, Bu Xun
洛京, Luo Jing
阎罗宫, Yama Palace
陆珂, Lu Ke
堇, Jinhua
绿洲, Oasis
郁听雨, Yu Tingyu
凤, Phoenix
霞月, Xiayue
凌湖, Linghu
萧语冰, Xiao Yubing
语冰, Yubing
龙泉州, Longquan Continent
苍红, Canghong
龙泉湾, Longquan Bay
洛丽塔, Lolita
南封洲, Nanfeng Continent
卡布伦, Cablen
巴斯卡, Baska
克洛亚缇, Kluoati
莎琳娜, Salina
莉莉艾丝特, Lilieste
李林, Li Lin
安塔尔, Antar
亚林, Arlin
维奥, Vio
蔷薇宫, Rose Palace
温妮莎, Vanessa
霍华德, Howard
吉哈森, Jihasen
尤歌莉娅, Yugelia
杜休, Du Xiu
温娜, Wenna
琉璃省, Liuli Province
潘多拉, Pandora
兰妮纱, Lannis
伊雪, Yixue
图森, Tusen
薇丝忒娜, Vistena
贝法丝, Befass
亚尔德, Yard
梅西娅, Mesia
沙琳, Shalin
莫若, Moruo
余辉, Afterglow
梅西, Messi
洛蒂, Lottie
余裕, leeway
黑溪村, Black Creek Village
罗莎蒂娜, Rosadina
夏兰萝特, Charlarotte
伊温妮, Yvonne
伊贝儿, Ibeir
埃里奥, Elio
依耶娜, Iena
乔治城, George City
古华斯, Guhasi
蛮牛古华斯, Savage Bull Guhasi
教育部, Ministry of Education
格薇尔, Gweir
赤心省, Crimson Heart Province
朱蒂, Judy
法沃斯, Favos
瓦琳娜, Valina
椰风岛, Coconut Wind Island
妮卡, Nika
菲尼丝, Fenith
拉朵瑞德, Ladured  
库雷亚, Kureya
库文郡, Kuwen County
赤礁省, Red Reef Province
露娜, Luna
安妮, Annie
埃隆, Airon
希柏雅, Hibiya
泰妮娅, Tinia
比尔托亚, Billtoya
安娜, Anna
梅希娅, Meixiya
珀赛斯, Perseus
艾曼克, Aimank
西弗莱, Sifrai
菲吕拉, Firula
欧若涅, Aurone
特雷依, Treyi
法尔弗纳, Farfner
伊雪葛林, Ixegrin
阿杰莉娜, Ajelina
柯诺丝, 柯诺丝
安斯罗伊, Ansroy
范斯登, Vansteden
亚度尼, Arduni
赫尔斯, Hers
栗金, Chestnut Gold
艾依赫卡翠, Aiyihekacui
苔丝琳, Tesslyn
夏莉, Xia Li
亚萨拉, Asara
玛兰莎, Maransha
伊凯斯, Ikais
莱莎, Lyssa
薇丝, Vistena
春之歌, Song of Spring
华德林, Waldelin
东南角, Southeast Corner
阿玻莉, Apoli
永暗岛, Eternal Dark Island
伊格, Eagle
布鲁斯, Bruce
艾乌蕾, Euryale
琳, Lin
忒华, Tehua
劳埃德, Lloyd
北大陆, Northern Continent
无尽海, Endless Sea
埃珀里翁, Eperion
忒娜, Teina
莎柏琳娜, Sabrina
翠月之宫, Emerald Moon Palace
霍拉索恩, Horasorn
艾忒亚, Aetia
蒂凡妮, Tiffany
林顿, Linton
森林里, In the forest
罗伯逊, Robertson
芬格尔, Fingal
尹还壁, Yin Huanbi
华丝琳, Hua Silin
露莉亚, Lulia
塔里, Tali
葛佳莱德, Gejialade
鲁林, Lulin
卢德斯, Ludes
黑猫魔女, Black Cat Witch
梅蒂拉, Medela
星琉大战, Starry Glass War
风音高塔, Windchime Tower
渡鸦, Raven Duke
南海, South Sea
龙尾, Dragon's Tail
魏冷雁, Wei Lengyan
乔松, Qiao Song
薇坪洲, Weipingzhou
东壶洲, East Pot Continent
辛泽亚, Xin Zeya
陀狮堂, Tuoshi Hall
诸玄, Zhu Xuan
白泽国, Baize Kingdom
昭龙, Zhaolong
叶榆族, Yeyu Clan
白藻, Bai Zao
李靖方, Li Jingfang
岱洲, Dai Continent
水朱洲, Shuizhu Continent
靘洲, Qingzhou
水螺洲, Shuiluo Continent
叶河, Xiangye River
玄渊洲, Xuan Yuan Continent
乌鑫城, Wuxin City
西南, Southwest
后山, Rear Mountain
百蛮洲, Baiman Continent
蛮洲, Manzhou
北府军, 北府军
这江, 这江  
三十一洲, Thirty-One Provinces
七海, Seven Seas
列尔乌, Lierwu
云门山, Yunmen Mountain
尹妙馨, Yin Miaoxin
余采封, Yu Caifeng
河岱洲, Hedai Continent
黑水洲, Blackwater Continent
阿琳娜, Alina
斩铁·斯托维特, Zhan Tie·Stovit
杰勒米, Jeremy
洛若曦, Luo Ruoxi
泪月湖湖畔, Lake Leyue
蕾莉拉, Lelila